id,first_name,last_name,email,phone
1,Hadleigh,Mahedy,hmahedy0@diigo.com,840 586 9744
2,Fons,Gouthier,fgouthier1@liveinternet.ru,738 206 1923
3,Mal,Wattisham,mwattisham2@devhub.com,847 229 6035
4,Evelina,Ferens,eferens3@state.gov,295 842 0775
5,Kale,Mitchenson,kmitchenson4@meetup.com,143 341 8535
6,Jonah,Endrizzi,jendrizzi5@wired.com,311 658 0198
7,Ruggiero,Old,rold6@jimdo.com,982 244 7086
8,Addison,Aery,aaery7@dot.gov,740 274 4448
9,Dolli,Farnall,dfarnall8@imageshack.us,435 491 2057
10,June,Avison,javison9@salon.com,706 542 3252
11,Odette,Gitting,ogittinga@cnet.com,663 365 2136
12,Saunders,Wharram,swharramb@rakuten.co.jp,342 136 7414
13,Rich,Cobbing,rcobbingc@about.me,944 869 3110
14,Justinian,Ewles,jewlesd@diigo.com,464 712 2701
15,Arlana,Astlett,aastlette@tinypic.com,584 340 7279
16,Selestina,Sperry,ssperryf@slashdot.org,978 588 3800
17,Nickie,Spivey,nspiveyg@histats.com,925 391 3792
18,Adi,Chooter,achooterh@fda.gov,691 837 8159
19,Simon,Tupling,stuplingi@microsoft.com,124 449 2953
20,Matty,Shew,mshewj@wordpress.com,866 421 9650
21,Maddy,Childers,mchildersk@lulu.com,622 268 7716
22,Otis,Bleeze,obleezel@examiner.com,723 967 9300
23,Fonz,Rosendall,frosendallm@shareasale.com,977 315 8649
24,Whitney,Elijahu,welijahun@mediafire.com,985 889 4159
25,Jess,Courtier,jcourtiero@go.com,716 421 4567
26,Debbi,McIlvenny,dmcilvennyp@slate.com,493 476 3812
27,Vitia,Gorusso,vgorussoq@constantcontact.com,661 806 7168
28,Jacklyn,Mugridge,jmugridger@mac.com,127 442 0521
29,Genvieve,Carolan,gcarolans@github.io,429 414 2710
30,Levy,Leonard,lleonardt@economist.com,197 987 4243
31,Brady,Verrall,bverrallu@tamu.edu,784 972 4131
32,Emmalynn,Monckman,emonckmanv@unblog.fr,780 254 8100
33,Fax,Dunbobin,fdunbobinw@nationalgeographic.com,342 139 1510
34,Catie,Manger,cmangerx@tmall.com,658 192 4917
35,Eloisa,Batrim,ebatrimy@squarespace.com,477 592 0745
36,Hilario,Ramel,hramelz@shutterfly.com,929 582 9119
37,Carroll,Brandel,cbrandel10@cloudflare.com,551 103 2241
38,Loutitia,Wallsworth,lwallsworth11@marketwatch.com,877 172 5230
39,Charmine,Cecchetelli,ccecchetelli12@zimbio.com,318 105 7735
40,Kiele,Ugolini,kugolini13@dyndns.org,230 627 5924
41,Marsiella,Philipet,mphilipet14@nbcnews.com,217 892 3108
42,Fina,Menci,fmenci15@soundcloud.com,911 246 1497
43,Rikki,Orme,rorme16@myspace.com,997 483 1752
44,Dacey,Pennings,dpennings17@nature.com,399 810 8869
45,Vivienne,Huyton,vhuyton18@about.me,325 413 9514
46,Jamal,Lightowler,jlightowler19@vistaprint.com,348 185 9651
47,Ellie,Pellamonuten,epellamonuten1a@networksolutions.com,909 676 2583
48,Leoline,Scargle,lscargle1b@shareasale.com,585 746 3623
49,Blair,Cawse,bcawse1c@abc.net.au,691 597 7562
50,Damaris,Adne,dadne1d@canalblog.com,488 718 0650
51,Susie,Deaville,sdeaville1e@hhs.gov,822 106 9195
52,Ingra,Boulsher,iboulsher1f@nsw.gov.au,145 641 7728
53,Debor,Ovenell,dovenell1g@intel.com,521 723 5513
54,Eadie,Buzine,ebuzine1h@deviantart.com,430 564 7017
55,Dian,Reckhouse,dreckhouse1i@desdev.cn,846 761 7142
56,Avery,Currom,acurrom1j@wp.com,285 100 9872
57,Stephine,Folca,sfolca1k@t-online.de,115 908 0315
58,Mikkel,Pavia,mpavia1l@issuu.com,709 388 4081
59,Adriana,MacRanald,amacranald1m@usatoday.com,111 356 6212
60,Flora,Verner,fverner1n@booking.com,207 226 8956
61,Winnie,Ivashchenko,wivashchenko1o@telegraph.co.uk,271 230 3853
62,Josie,Demange,jdemange1p@quantcast.com,988 528 8173
63,Aksel,Grass,agrass1q@webnode.com,454 366 9482
64,Stephan,De Lisle,sdelisle1r@creativecommons.org,136 492 3858
65,Angel,Chaters,achaters1s@dagondesign.com,933 521 3638
66,Cordey,Froom,cfroom1t@etsy.com,191 267 8853
67,Chloette,Millichip,cmillichip1u@oracle.com,639 187 6609
68,Manny,Sissland,msissland1v@youtu.be,873 367 6004
69,Rudy,Gillingwater,rgillingwater1w@indiatimes.com,470 625 1045
70,Thornton,Cortes,tcortes1x@yellowbook.com,602 551 1730
71,Billy,Rowles,browles1y@go.com,682 155 2243
72,Micky,Benneyworth,mbenneyworth1z@angelfire.com,478 638 5253
73,Fern,Roskelley,froskelley20@oracle.com,386 983 1263
74,Curry,Capin,ccapin21@auda.org.au,733 535 8046
75,Sam,Gindghill,sgindghill22@fc2.com,865 926 6062
76,Joe,Gregore,jgregore23@hibu.com,803 344 5707
77,Tab,Taberner,ttaberner24@uiuc.edu,607 190 6552
78,Winston,Spearman,wspearman25@twitter.com,809 109 7448
79,Micheline,Berrey,mberrey26@whitehouse.gov,977 917 8401
80,Barri,Garron,bgarron27@ow.ly,932 618 2591
81,Kayle,Osborn,kosborn28@guardian.co.uk,666 882 7638
82,Lenard,Piddick,lpiddick29@blogger.com,866 411 3627
83,Marv,Persey,mpersey2a@desdev.cn,888 346 8132
84,Itch,Cape,icape2b@usnews.com,791 265 4489
85,Minna,Kennermann,mkennermann2c@mapy.cz,149 636 3084
86,Taffy,Dudmesh,tdudmesh2d@google.es,488 275 7038
87,Inessa,Jessen,ijessen2e@wsj.com,195 423 8254
88,Vyky,Stennine,vstennine2f@reuters.com,685 842 1097
89,Anthiathia,Vernau,avernau2g@prlog.org,396 369 9219
90,Collin,Cammacke,ccammacke2h@smugmug.com,522 182 6556
91,Tresa,Rivenzon,trivenzon2i@yellowbook.com,624 571 3812
92,Dario,Ryder,dryder2j@artisteer.com,262 409 3105
93,Sonnie,Hazeman,shazeman2k@globo.com,158 986 3384
94,Thalia,Aberchirder,taberchirder2l@engadget.com,679 845 3252
95,Brittaney,Gantlett,bgantlett2m@sina.com.cn,554 214 7866
96,Ronnica,Stinson,rstinson2n@123-reg.co.uk,401 821 0331
97,Auguste,Osbaldstone,aosbaldstone2o@redcross.org,713 713 4535
98,Tucker,Pietzker,tpietzker2p@themeforest.net,721 293 0894
99,Andree,Bointon,abointon2q@trellian.com,464 380 0211
100,Adrien,Norley,anorley2r@accuweather.com,798 752 5626
101,Arman,Tanner,atanner2s@state.gov,103 485 3314
102,Marlow,Thynn,mthynn2t@ibm.com,971 267 8612
103,Harwell,Newlands,hnewlands2u@tmall.com,885 245 6552
104,Querida,O'Dee,qodee2v@sciencedirect.com,840 110 3664
105,Ambrosi,Stillert,astillert2w@godaddy.com,303 229 1151
106,Giulio,Dimitriou,gdimitriou2x@google.co.jp,963 172 8036
107,Jennie,McAlinion,jmcalinion2y@ustream.tv,836 182 1830
108,Sheeree,Kinvan,skinvan2z@mail.ru,383 404 2470
109,Page,Thyng,pthyng30@wikispaces.com,255 694 5064
110,Lanny,Barnewille,lbarnewille31@simplemachines.org,856 192 0375
111,Arnaldo,Hawtry,ahawtry32@mapquest.com,521 715 5108
112,Darcy,Bliss,dbliss33@technorati.com,458 803 9677
113,Terry,Budgey,tbudgey34@spotify.com,523 284 9078
114,Jamison,Hess,jhess35@independent.co.uk,508 362 5163
115,Glenn,McKea,gmckea36@nih.gov,142 326 0266
116,Noni,Verrier,nverrier37@google.nl,991 495 9021
117,Branden,Dashwood,bdashwood38@geocities.jp,482 347 1586
118,Walliw,Henrot,whenrot39@people.com.cn,506 138 0460
119,Dewey,MacFadin,dmacfadin3a@chron.com,871 860 8689
120,Omero,Yole,oyole3b@pen.io,702 770 5857
121,Reba,Worrell,rworrell3c@xinhuanet.com,531 707 7707
122,Gaye,Alvaro,galvaro3d@gnu.org,256 859 0443
123,Quentin,McAulay,qmcaulay3e@comcast.net,186 426 6879
124,Anatol,Skpsey,askpsey3f@cdc.gov,673 695 7598
125,Gan,Edgecombe,gedgecombe3g@blog.com,814 753 3288
126,Reggy,Stobbe,rstobbe3h@csmonitor.com,828 375 6423
127,Benyamin,Staniforth,bstaniforth3i@ezinearticles.com,668 970 9129
128,Tiertza,Foynes,tfoynes3j@mlb.com,464 552 8043
129,Brook,Sergant,bsergant3k@bandcamp.com,445 644 0808
130,Harrison,Lundbeck,hlundbeck3l@house.gov,165 444 1313
131,Camellia,Beers,cbeers3m@weather.com,729 799 9635
132,Anton,Rhoades,arhoades3n@goodreads.com,610 538 9384
133,Yorgos,Liepins,yliepins3o@forbes.com,631 888 1849
134,Merry,Roches,mroches3p@walmart.com,484 902 3293
135,Carena,Trowill,ctrowill3q@tamu.edu,714 295 6824
136,Mame,Lanston,mlanston3r@unicef.org,733 929 2277
137,Brynne,Snozzwell,bsnozzwell3s@nationalgeographic.com,322 707 8802
138,Esta,Antonacci,eantonacci3t@shop-pro.jp,154 896 8036
139,Nikolia,Rawsthorne,nrawsthorne3u@who.int,384 438 9308
140,Fawnia,Huckin,fhuckin3v@cpanel.net,388 495 5224
141,Ignacio,Berisford,iberisford3w@goo.gl,203 678 6557
142,Lyman,Danaher,ldanaher3x@rediff.com,130 761 0310
143,Jessee,Wilby,jwilby3y@woothemes.com,301 191 6308
144,Chad,Boick,cboick3z@microsoft.com,540 423 3500
145,Honoria,Dongall,hdongall40@google.com.br,212 297 8329
146,Katherine,Garvey,kgarvey41@thetimes.co.uk,237 312 2931
147,Dorothy,Hegerty,dhegerty42@businesswire.com,807 345 0136
148,Boonie,Piens,bpiens43@seattletimes.com,256 332 5307
149,Laird,Cutforth,lcutforth44@drupal.org,264 780 7593
150,Lanie,Spendlove,lspendlove45@army.mil,609 873 0365
151,Caryl,Rosewell,crosewell46@independent.co.uk,993 585 7481
152,Sargent,Gianneschi,sgianneschi47@wp.com,715 754 1343
153,Kayle,Brehault,kbrehault48@google.com.hk,442 433 7677
154,Kerby,Wallentin,kwallentin49@uiuc.edu,362 853 6225
155,Helene,Harwin,hharwin4a@smh.com.au,206 888 6008
156,Zackariah,Spandley,zspandley4b@liveinternet.ru,146 947 8449
157,Klement,Domnin,kdomnin4c@nps.gov,980 790 5572
158,Linell,Werendell,lwerendell4d@independent.co.uk,683 553 4470
159,Tallie,Jarman,tjarman4e@pagesperso-orange.fr,281 408 6772
160,Alfie,Baroche,abaroche4f@parallels.com,342 725 4762
161,Ragnar,Boomes,rboomes4g@i2i.jp,410 736 8590
162,Krystalle,Brodley,kbrodley4h@mac.com,577 829 2954
163,Vinny,Bond,vbond4i@ovh.net,454 732 3965
164,Rosemonde,Rosario,rrosario4j@yahoo.com,904 108 1586
165,Viv,Oughtright,voughtright4k@uiuc.edu,911 431 6701
166,Antony,Shoebrook,ashoebrook4l@dion.ne.jp,485 387 8816
167,Lewes,Craddock,lcraddock4m@bigcartel.com,938 394 5982
168,Kiley,McVanamy,kmcvanamy4n@unesco.org,437 105 1537
169,Maxy,Hayball,mhayball4o@scribd.com,592 849 0334
170,Ashien,Goodge,agoodge4p@so-net.ne.jp,865 876 3275
171,Jobina,Kemetz,jkemetz4q@addthis.com,514 191 4639
172,Sheena,Bickersteth,sbickersteth4r@ftc.gov,689 316 8210
173,Arabella,Rollings,arollings4s@theguardian.com,927 990 7426
174,Maxie,Flahive,mflahive4t@deliciousdays.com,760 731 0374
175,Kaycee,Girtin,kgirtin4u@theguardian.com,256 107 6499
176,Denyse,Pettus,dpettus4v@aol.com,544 354 8236
177,Valentin,Trudgeon,vtrudgeon4w@xrea.com,642 300 3613
178,Filmer,Dawber,fdawber4x@w3.org,402 106 7261
179,Roosevelt,Deners,rdeners4y@bandcamp.com,292 804 0626
180,Madalena,Coles,mcoles4z@istockphoto.com,212 798 4129
181,Frieda,Gudeman,fgudeman50@posterous.com,657 151 6206
182,Sherye,Fitchet,sfitchet51@cloudflare.com,849 815 0114
183,Myrtice,Salzburger,msalzburger52@usnews.com,101 318 6177
184,Mag,Teare,mteare53@disqus.com,449 237 0057
185,Reta,Cullingworth,rcullingworth54@angelfire.com,717 883 8265
186,Toddy,Nilges,tnilges55@tripadvisor.com,330 744 3482
187,Briana,Crates,bcrates56@toplist.cz,380 534 3904
188,Guy,Graeme,ggraeme57@sakura.ne.jp,199 424 0620
189,Mandel,Aron,maron58@123-reg.co.uk,851 489 8964
190,Pamelina,Ziemen,pziemen59@slideshare.net,198 937 5491
191,Gayler,Crilley,gcrilley5a@independent.co.uk,832 939 6078
192,Phineas,Bess,pbess5b@microsoft.com,515 797 4403
193,Wesley,Maycock,wmaycock5c@si.edu,877 111 4568
194,Doretta,Summerson,dsummerson5d@blinklist.com,580 857 3290
195,Rosco,Bazeley,rbazeley5e@blogtalkradio.com,223 402 9178
196,Thedric,Yellowlees,tyellowlees5f@wiley.com,378 175 8476
197,Almeta,Baskerfield,abaskerfield5g@twitpic.com,198 689 9132
198,Alfy,Whetson,awhetson5h@google.co.uk,429 641 7250
199,Orion,Crookes,ocrookes5i@slate.com,260 433 3054
200,Marcile,Cubuzzi,mcubuzzi5j@ca.gov,705 588 6790
201,Lynnette,Simonnin,lsimonnin5k@ft.com,710 948 0147
202,Michel,Charpling,mcharpling5l@nymag.com,363 103 2374
203,Jorie,Godar,jgodar5m@java.com,487 703 8912
204,Loralyn,Bellwood,lbellwood5n@hud.gov,444 499 4580
205,Willy,Crayden,wcrayden5o@woothemes.com,597 720 0339
206,Moina,Tomaszczyk,mtomaszczyk5p@flavors.me,826 780 3579
207,Modesty,Tallowin,mtallowin5q@google.pl,795 327 1870
208,Orran,Kenwyn,okenwyn5r@printfriendly.com,722 824 6166
209,Codi,Glidder,cglidder5s@nytimes.com,227 173 1825
210,Larina,Pettipher,lpettipher5t@prweb.com,712 901 2681
211,Mel,Akitt,makitt5u@yale.edu,820 693 1832
212,Torrin,Smoote,tsmoote5v@goo.gl,683 767 0685
213,Mollie,Vannuchi,mvannuchi5w@amazonaws.com,711 405 6614
214,Joell,Shilston,jshilston5x@wikia.com,957 239 0295
215,Blanch,Aven,baven5y@tripadvisor.com,633 192 2670
216,Brandi,Johananov,bjohananov5z@posterous.com,296 505 3333
217,Raquela,Birkinshaw,rbirkinshaw60@businesswire.com,232 461 4024
218,Iggie,Latch,ilatch61@tamu.edu,865 226 2605
219,Geraldine,Shakelade,gshakelade62@google.com.br,445 432 8287
220,Madlen,Guitton,mguitton63@mapquest.com,352 255 7923
221,Tanhya,Entwistle,tentwistle64@abc.net.au,959 523 8556
222,Cecilius,Phetteplace,cphetteplace65@google.nl,747 406 8733
223,Henryetta,O'Donnell,hodonnell66@irs.gov,714 300 7604
224,Abigail,Raubheim,araubheim67@bluehost.com,177 420 7214
225,Roman,Phipard-Shears,rphipardshears68@timesonline.co.uk,374 499 4024
226,Blondie,Cartlidge,bcartlidge69@studiopress.com,660 273 2647
227,Averill,Queenborough,aqueenborough6a@fc2.com,911 714 0147
228,Corabella,Caston,ccaston6b@paypal.com,836 533 8721
229,Michelina,Duxbury,mduxbury6c@google.it,470 616 1539
230,Tommi,Euplate,teuplate6d@usgs.gov,771 460 8456
231,Saleem,Buchanan,sbuchanan6e@virginia.edu,913 258 4158
232,Salaidh,Staden,sstaden6f@chicagotribune.com,366 402 5559
233,Keelby,Surman-Wells,ksurmanwells6g@imdb.com,907 967 3724
234,Yoshi,Emett,yemett6h@seattletimes.com,866 618 4411
235,Nina,Mobbs,nmobbs6i@i2i.jp,474 261 2676
236,Giorgi,Blonden,gblonden6j@reverbnation.com,450 354 2279
237,Nevil,Faivre,nfaivre6k@sina.com.cn,338 888 5789
238,Gregorio,Garstan,ggarstan6l@eventbrite.com,118 824 9561
239,Pascale,Stirgess,pstirgess6m@indiegogo.com,471 554 6143
240,Felike,Coucher,fcoucher6n@vistaprint.com,400 899 2052
241,Elden,Meagh,emeagh6o@php.net,697 604 2156
242,Lexie,Lago,llago6p@nasa.gov,646 743 6665
243,Riccardo,Williscroft,rwilliscroft6q@ucsd.edu,962 328 8995
244,Stevy,Randall,srandall6r@time.com,139 268 1038
245,Basilius,Threlfall,bthrelfall6s@digg.com,681 423 4183
246,Delmor,Floris,dfloris6t@reverbnation.com,620 960 8006
247,Adella,Delaprelle,adelaprelle6u@flavors.me,922 110 4192
248,Julianna,Rowbotham,jrowbotham6v@webnode.com,429 434 0629
249,Pattie,Capponeer,pcapponeer6w@house.gov,686 591 8134
250,Niels,Angless,nangless6x@sfgate.com,277 201 4874
251,Frannie,Robson,frobson6y@princeton.edu,380 595 7866
252,Lindy,Leggatt,lleggatt6z@ustream.tv,897 213 0901
253,Amory,Havvock,ahavvock70@feedburner.com,734 643 7221
254,Maurise,Trigwell,mtrigwell71@instagram.com,643 568 2321
255,Marcelo,Jarad,mjarad72@tiny.cc,550 597 6176
256,Swen,Pellingar,spellingar73@phoca.cz,356 408 1666
257,Hal,Cannell,hcannell74@hostgator.com,952 227 5391
258,Emmalynn,Cosker,ecosker75@exblog.jp,272 137 8741
259,Claudine,Rookledge,crookledge76@uiuc.edu,806 463 3534
260,Norine,Drezzer,ndrezzer77@a8.net,607 833 7194
261,Glynda,Lghan,glghan78@mozilla.com,949 564 0246
262,Giulio,Towne,gtowne79@cloudflare.com,135 875 6106
263,Arlina,Bettaney,abettaney7a@hibu.com,822 368 0911
264,Thalia,Waddell,twaddell7b@list-manage.com,193 276 5945
265,Gordan,Vedekhov,gvedekhov7c@independent.co.uk,125 922 6855
266,Mikey,Tomlins,mtomlins7d@dmoz.org,813 872 3414
267,Ruy,Richichi,rrichichi7e@apache.org,654 181 9606
268,Kerr,Spruce,kspruce7f@archive.org,866 279 0740
269,Gerta,Risdale,grisdale7g@tinypic.com,431 341 4697
270,Bonnibelle,Toderini,btoderini7h@home.pl,655 267 0593
271,Danyette,Edinburgh,dedinburgh7i@theatlantic.com,214 249 4328
272,Fonzie,Pascall,fpascall7j@homestead.com,976 356 7884
273,Joane,McBeath,jmcbeath7k@nba.com,655 393 1910
274,Nannie,Bellsham,nbellsham7l@bloomberg.com,242 377 0803
275,Rey,Clemenson,rclemenson7m@soup.io,732 968 0251
276,Wally,Acomb,wacomb7n@feedburner.com,115 683 0826
277,Brew,De Gogay,bdegogay7o@ebay.com,243 606 6373
278,Florette,Ovanesian,fovanesian7p@mac.com,717 417 1234
279,Leonanie,Marzellano,lmarzellano7q@mac.com,233 405 3518
280,Randie,Goodbur,rgoodbur7r@usnews.com,660 336 0253
281,Brooke,Sterte,bsterte7s@nature.com,801 909 3087
282,Lola,Fontel,lfontel7t@cnn.com,782 505 3812
283,Eartha,Carreyette,ecarreyette7u@ocn.ne.jp,173 382 6451
284,Rancell,Savatier,rsavatier7v@unicef.org,378 333 3944
285,Cate,Crilley,ccrilley7w@theguardian.com,143 294 6505
286,Tara,Dallicoat,tdallicoat7x@biblegateway.com,983 688 2853
287,Sofia,Semble,ssemble7y@canalblog.com,648 568 5433
288,Yorker,Yukhin,yyukhin7z@purevolume.com,213 660 0208
289,Fin,Lilburne,flilburne80@istockphoto.com,721 526 3996
290,Lorry,Nardrup,lnardrup81@slate.com,338 955 7335
291,Pavla,Syddie,psyddie82@gizmodo.com,108 131 2131
292,Rodolphe,Poyntz,rpoyntz83@ihg.com,590 448 8585
293,Yetty,Ryce,yryce84@yolasite.com,907 809 6309
294,Oswell,Levane,olevane85@nyu.edu,764 671 1865
295,Cherilynn,Beaney,cbeaney86@engadget.com,397 755 2741
296,Aldo,Hanstock,ahanstock87@cbslocal.com,837 893 8395
297,Savina,Babidge,sbabidge88@diigo.com,919 232 8146
298,Skell,Marginson,smarginson89@thetimes.co.uk,769 670 6620
299,Mignon,Dobrovolny,mdobrovolny8a@who.int,218 769 7351
300,Bondy,Dewdney,bdewdney8b@edublogs.org,807 410 4102
301,Tammie,Witz,twitz8c@intel.com,140 813 9832
302,Galven,Sorsbie,gsorsbie8d@topsy.com,894 691 6374
303,Kennedy,Renn,krenn8e@ed.gov,219 870 2719
304,Vivien,Treacher,vtreacher8f@ehow.com,137 985 6868
305,Jeramie,Josifovic,jjosifovic8g@gnu.org,142 162 0592
306,Karin,Yurchenko,kyurchenko8h@taobao.com,154 983 5166
307,Sherry,Hurndall,shurndall8i@alexa.com,109 445 0207
308,Mame,Poser,mposer8j@topsy.com,634 645 2879
309,Saundra,Leirmonth,sleirmonth8k@stanford.edu,211 326 7797
310,Osbourn,Sowerbutts,osowerbutts8l@dot.gov,202 833 0457
311,Hildegarde,Rallinshaw,hrallinshaw8m@patch.com,446 169 1116
312,Zed,Scrine,zscrine8n@smugmug.com,212 797 0651
313,Ellery,Goldring,egoldring8o@xing.com,930 847 1920
314,Kristoforo,De Giovanni,kdegiovanni8p@sina.com.cn,806 709 4741
315,Adan,Smithers,asmithers8q@example.com,849 796 2917
316,Alric,O'Brogan,aobrogan8r@surveymonkey.com,123 729 6174
317,Morlee,Baskett,mbaskett8s@nhs.uk,794 282 8042
318,Drusilla,Hunnisett,dhunnisett8t@slideshare.net,292 391 1826
319,Amery,Dudney,adudney8u@ustream.tv,905 582 3209
320,Nevil,Cardiff,ncardiff8v@who.int,880 545 0084
321,Inglebert,O'Noland,ionoland8w@e-recht24.de,933 371 5101
322,Muhammad,Wayt,mwayt8x@wiley.com,834 751 4771
323,Emmalynne,Stocken,estocken8y@hibu.com,726 582 9832
324,Deeanne,Hosten,dhosten8z@ning.com,274 269 0710
325,Kirsti,Thomsson,kthomsson90@cam.ac.uk,724 486 2042
326,Even,Herrero,eherrero91@miibeian.gov.cn,409 222 9383
327,Ilse,Simenel,isimenel92@fda.gov,778 339 1985
328,Liv,Marshland,lmarshland93@microsoft.com,527 124 1623
329,Carley,Hatwells,chatwells94@theguardian.com,432 663 8730
330,Dan,Reyburn,dreyburn95@springer.com,197 351 6453
331,Kendal,Goymer,kgoymer96@forbes.com,505 827 3861
332,Roman,McPhaden,rmcphaden97@flickr.com,976 389 2185
333,Pooh,Gillbee,pgillbee98@mashable.com,505 750 5417
334,Gerri,Harmes,gharmes99@mashable.com,961 455 0046
335,Marten,Walcot,mwalcot9a@army.mil,778 787 9614
336,Esta,Kenrat,ekenrat9b@sitemeter.com,682 847 2997
337,Alina,Padginton,apadginton9c@tumblr.com,910 276 5104
338,Kerianne,Dabbs,kdabbs9d@tiny.cc,930 950 9817
339,Gerladina,Chagg,gchagg9e@usnews.com,205 610 1177
340,Maurizio,Aimeric,maimeric9f@rediff.com,416 981 2358
341,Fidel,Bardey,fbardey9g@answers.com,799 160 0077
342,Dudley,Bonavia,dbonavia9h@addthis.com,483 802 4329
343,Noak,Von Der Empten,nvonderempten9i@discuz.net,334 162 8485
344,Emlyn,Cathcart,ecathcart9j@google.it,570 318 3322
345,Dagny,Khadir,dkhadir9k@wikia.com,563 315 0862
346,Sidnee,McPaike,smcpaike9l@prweb.com,901 887 6359
347,Aldridge,Wessell,awessell9m@businessinsider.com,790 207 2357
348,Othilia,Freire,ofreire9n@gmpg.org,772 307 5108
349,Kellia,Cobelli,kcobelli9o@comsenz.com,614 629 3718
350,Cathyleen,Whickman,cwhickman9p@is.gd,527 421 7550
351,Eugen,Rosenfelt,erosenfelt9q@squarespace.com,296 367 9464
352,Bendix,Antoniewski,bantoniewski9r@paypal.com,287 215 4860
353,Willy,Delamere,wdelamere9s@gravatar.com,113 690 7413
354,Aurelia,Lode,alode9t@un.org,413 921 6679
355,Caril,Everitt,ceveritt9u@sphinn.com,754 233 9281
356,Etan,Sutterby,esutterby9v@indiegogo.com,927 282 5756
357,Diannne,Jelk,djelk9w@booking.com,486 479 4976
358,Celina,Sones,csones9x@dropbox.com,638 102 0735
359,Byrann,Delagua,bdelagua9y@va.gov,286 170 4188
360,Sylvan,Weedon,sweedon9z@europa.eu,620 534 6512
361,Alick,Robbeke,arobbekea0@addthis.com,905 426 5418
362,Shelley,Sneezum,ssneezuma1@apple.com,912 439 8148
363,Konstantine,Hamstead,khamsteada2@topsy.com,442 698 9049
364,Lothaire,Piddocke,lpiddockea3@technorati.com,370 374 6401
365,Louisette,Peter,lpetera4@slideshare.net,839 544 7335
366,Levey,Odo,lodoa5@shutterfly.com,350 567 5294
367,Vanya,Swatradge,vswatradgea6@sciencedirect.com,784 723 6392
368,Antone,Perrin,aperrina7@cornell.edu,119 361 6917
369,Christos,Churchman,cchurchmana8@joomla.org,334 386 1052
370,Corly,Emeney,cemeneya9@unblog.fr,191 523 6697
371,Cindie,Wignall,cwignallaa@is.gd,567 667 9568
372,Penni,Brabban,pbrabbanab@flavors.me,785 357 8165
373,Sula,Schoenfisch,sschoenfischac@tuttocitta.it,539 403 4757
374,Buckie,Blatchford,bblatchfordad@posterous.com,229 284 1493
375,Tracey,Kobpac,tkobpacae@1und1.de,935 948 3218
376,Rowland,Brain,rbrainaf@twitpic.com,901 616 1800
377,Inness,Fitt,ifittag@rakuten.co.jp,148 204 6854
378,Calv,Torricina,ctorricinaah@springer.com,238 153 9618
379,Christoph,Murname,cmurnameai@github.com,117 149 8875
380,Micky,McJerrow,mmcjerrowaj@samsung.com,635 302 7994
381,Callida,Meryett,cmeryettak@gravatar.com,832 548 5489
382,Hollie,Smitham,hsmithamal@csmonitor.com,305 869 0332
383,Annette,McAmish,amcamisham@arstechnica.com,883 634 5822
384,Barnabe,Arran,barranan@zimbio.com,438 324 3347
385,Lemmie,Andrault,landraultao@moonfruit.com,956 288 9960
386,Kayne,McGeaney,kmcgeaneyap@nhs.uk,686 256 9257
387,Nannie,Thies,nthiesaq@columbia.edu,569 903 9844
388,Adams,Sheward,ashewardar@hatena.ne.jp,694 686 0319
389,Garrard,Bompass,gbompassas@harvard.edu,954 371 5252
390,Tilly,Theodoris,ttheodorisat@artisteer.com,715 293 6130
391,Koral,Denyagin,kdenyaginau@123-reg.co.uk,139 310 5790
392,Tybi,Hatrey,thatreyav@plala.or.jp,734 445 7328
393,Brigham,Bartlet,bbartletaw@europa.eu,812 340 3468
394,Tabina,Brighty,tbrightyax@narod.ru,491 985 8641
395,Olivie,Tollerton,otollertonay@prnewswire.com,936 280 2258
396,Jonas,Gentile,jgentileaz@examiner.com,802 122 3755
397,Wilow,Himsworth,whimsworthb0@google.nl,448 306 0946
398,Yetty,Gerger,ygergerb1@unesco.org,458 128 5382
399,Dion,Housegoe,dhousegoeb2@oakley.com,698 317 8758
400,Jed,Rankcom,jrankcomb3@mashable.com,564 907 1052
401,Shandy,Wildgoose,swildgooseb4@odnoklassniki.ru,758 253 6515
402,Con,Kilner,ckilnerb5@instagram.com,524 414 6495
403,Shem,Reeds,sreedsb6@abc.net.au,137 996 3818
404,Barde,Tumbridge,btumbridgeb7@shutterfly.com,340 527 8815
405,Noelani,Scolts,nscoltsb8@gmpg.org,842 745 9054
406,Maryjo,Hubbard,mhubbardb9@bbc.co.uk,351 681 1739
407,Agna,Haslam,ahaslamba@artisteer.com,483 159 7196
408,Lezlie,Andreichik,landreichikbb@apache.org,713 432 3717
409,Petronella,Lightfoot,plightfootbc@cnet.com,984 615 6380
410,Raimund,Burtenshaw,rburtenshawbd@hatena.ne.jp,226 975 5032
411,Mela,Deamer,mdeamerbe@cdc.gov,427 339 7375
412,Clayborne,Camacke,ccamackebf@statcounter.com,655 559 5995
413,Sebastian,Few,sfewbg@multiply.com,762 365 1490
414,Colet,Colgrave,ccolgravebh@ebay.co.uk,916 411 6490
415,Abbie,Christopher,achristopherbi@blogspot.com,239 379 5467
416,Celestine,De Brett,cdebrettbj@xrea.com,329 956 0175
417,Roddie,Conquer,rconquerbk@va.gov,566 183 9565
418,Iseabal,MacMenamin,imacmenaminbl@quantcast.com,258 581 7191
419,Ruby,Bohler,rbohlerbm@biglobe.ne.jp,561 491 1177
420,Lawrence,Butchard,lbutchardbn@live.com,457 553 0065
421,Micky,Razoux,mrazouxbo@berkeley.edu,490 513 6364
422,Karel,Kienle,kkienlebp@webnode.com,963 395 7024
423,Marlon,Ganforth,mganforthbq@zdnet.com,404 780 3083
424,Barbie,Jaumet,bjaumetbr@digg.com,357 541 9387
425,Allard,Gunstone,agunstonebs@google.de,617 782 4163
426,Basil,Bugge,bbuggebt@hp.com,160 140 1792
427,Celisse,Weal,cwealbu@prlog.org,728 857 3905
428,Jesse,Kernaghan,jkernaghanbv@drupal.org,423 109 5280
429,Mirabel,Dorsett,mdorsettbw@hao123.com,130 509 3015
430,Jonathan,Gladyer,jgladyerbx@pinterest.com,626 619 5352
431,Alvie,Fernanando,afernanandoby@123-reg.co.uk,989 294 7412
432,Abbot,Blayd,ablaydbz@washingtonpost.com,282 234 2199
433,Nathalia,Talboy,ntalboyc0@ezinearticles.com,116 603 6527
434,Jorey,Beaman,jbeamanc1@nih.gov,692 179 5185
435,Roanne,Struttman,rstruttmanc2@icq.com,468 392 7154
436,Martie,Kiffe,mkiffec3@mysql.com,921 302 8113
437,Karney,Curtayne,kcurtaynec4@usnews.com,210 515 9033
438,Billy,Guppy,bguppyc5@answers.com,288 469 4836
439,Lucina,Lauder,llauderc6@admin.ch,320 945 8557
440,Kaitlyn,Godball,kgodballc7@1688.com,120 202 7573
441,Reuben,O'Corrigane,rocorriganec8@symantec.com,822 912 7144
442,Gwendolin,Hasnip,ghasnipc9@intel.com,495 626 4825
443,Marjy,Ast,mastca@unicef.org,710 126 6855
444,Tomasine,Worton,twortoncb@privacy.gov.au,219 764 2698
445,Layney,Domingues,ldominguescc@hhs.gov,874 337 5205
446,Reg,Bracci,rbraccicd@wunderground.com,136 721 1238
447,Joleen,Vairow,jvairowce@washingtonpost.com,264 614 8872
448,Elladine,Fuggle,efugglecf@bravesites.com,405 379 4696
449,Romona,Shearwood,rshearwoodcg@utexas.edu,467 289 0566
450,Roanne,Yarrow,ryarrowch@purevolume.com,274 609 3991
451,Duane,Bellefonte,dbellefonteci@theatlantic.com,248 135 9746
452,Ches,Grzegorecki,cgrzegoreckicj@amazonaws.com,158 131 8832
453,Debbi,De Ambrosi,ddeambrosick@home.pl,659 242 0320
454,Roslyn,Moogan,rmoogancl@squarespace.com,894 289 4867
455,Seka,Gregoraci,sgregoracicm@sbwire.com,688 710 5497
456,Gal,Cattel,gcattelcn@nydailynews.com,194 551 6466
457,Melloney,Kitchin,mkitchinco@cnn.com,341 255 3216
458,Bent,Dymocke,bdymockecp@blinklist.com,570 708 9084
459,Sunny,Riggulsford,sriggulsfordcq@rambler.ru,632 485 1579
460,Benedikt,Anelay,banelaycr@amazon.co.uk,339 499 2759
461,Alameda,Sizey,asizeycs@amazon.co.uk,829 532 2327
462,Audrye,Crews,acrewsct@artisteer.com,598 272 8773
463,Breanne,Caldero,bcalderocu@mayoclinic.com,864 755 9020
464,Rutger,Dark,rdarkcv@unblog.fr,875 246 4771
465,Elnar,Sarll,esarllcw@infoseek.co.jp,910 233 5332
466,Tamar,Shearer,tshearercx@desdev.cn,646 183 7181
467,Barby,Andreaccio,bandreacciocy@theatlantic.com,265 216 0666
468,Wynny,Frowde,wfrowdecz@ebay.co.uk,980 942 4791
469,Maiga,Goodban,mgoodband0@bloglines.com,732 490 0446
470,Cos,Drayn,cdraynd1@printfriendly.com,671 780 1805
471,Jinny,Bonifant,jbonifantd2@cdbaby.com,690 744 3261
472,Dalila,Lawson,dlawsond3@google.com.br,388 882 1592
473,Inglebert,Knibbs,iknibbsd4@wikispaces.com,892 156 3745
474,Rouvin,Dillistone,rdillistoned5@google.ca,379 565 7257
475,Adam,Braithwaite,abraithwaited6@mozilla.org,663 897 3363
476,Eba,Friel,efrield7@webeden.co.uk,412 122 1688
477,Bax,Cordsen,bcordsend8@dot.gov,324 278 6152
478,Mirella,Dobeson,mdobesond9@china.com.cn,243 125 0980
479,Arline,Doche,adocheda@sakura.ne.jp,807 293 5331
480,Lothario,Alejandre,lalejandredb@foxnews.com,805 664 8489
481,Pat,Worvill,pworvilldc@delicious.com,251 476 8289
482,Ogdan,Pembridge,opembridgedd@indiegogo.com,485 991 3859
483,Barby,Knowling,bknowlingde@chicagotribune.com,617 938 4439
484,Rafaelia,Ciccerale,rcicceraledf@t-online.de,334 701 4303
485,Corrina,Baythrop,cbaythropdg@shareasale.com,253 317 5937
486,Athene,Augur,aaugurdh@domainmarket.com,244 834 2260
487,Angie,McCaughan,amccaughandi@infoseek.co.jp,577 335 6778
488,Alis,Landa,alandadj@ihg.com,864 384 7205
489,Ignacius,Giacomazzo,igiacomazzodk@phoca.cz,773 652 9889
490,Terrijo,Sydry,tsydrydl@facebook.com,174 485 1380
491,Gerek,Patise,gpatisedm@state.gov,239 751 8459
492,Bone,Matfield,bmatfielddn@answers.com,280 939 5805
493,Gillian,Stain,gstaindo@a8.net,621 614 0035
494,Gianina,Crich,gcrichdp@pinterest.com,625 251 7291
495,Vincenz,Kelston,vkelstondq@yelp.com,105 673 5919
496,Melva,Mechell,mmechelldr@comsenz.com,244 576 2092
497,Keely,Hullyer,khullyerds@ftc.gov,170 791 0944
498,Teodoor,Stuttard,tstuttarddt@dagondesign.com,521 293 6526
499,Valaria,Aronovich,varonovichdu@umn.edu,226 601 5844
500,Jennilee,Kildale,jkildaledv@deviantart.com,924 224 4956
501,Benedetta,Mc Cahey,bmccaheydw@whitehouse.gov,397 602 0253
502,Evered,Eckert,eeckertdx@fc2.com,835 261 5717
503,Carlos,Riha,crihady@phoca.cz,920 441 2334
504,Bond,Gawkroge,bgawkrogedz@marriott.com,618 171 2049
505,Lara,Brockley,lbrockleye0@apache.org,745 937 2965
506,Livvyy,Palomba,lpalombae1@vinaora.com,146 364 7923
507,Zak,Marchand,zmarchande2@ezinearticles.com,786 581 9488
508,Terri,Sandham,tsandhame3@so-net.ne.jp,671 237 1569
509,Lil,Atton,lattone4@cargocollective.com,382 553 6992
510,Alikee,Bedward,abedwarde5@slate.com,764 406 7346
511,Rania,Berdale,rberdalee6@bloglovin.com,457 221 6027
512,Nert,Jachtym,njachtyme7@sakura.ne.jp,340 242 8415
513,Sascha,Avrahamian,savrahamiane8@ask.com,271 954 6637
514,Jeddy,Errigo,jerrigoe9@marriott.com,594 142 2811
515,Sisile,Huckell,shuckellea@simplemachines.org,408 688 8868
516,Karola,Levay,klevayeb@latimes.com,411 478 5022
517,Alidia,Berardt,aberardtec@slate.com,859 783 0276
518,Ray,Kelsall,rkelsalled@omniture.com,441 565 9420
519,Jeannine,Speak,jspeakee@example.com,745 548 4728
520,Mandy,Regglar,mregglaref@wufoo.com,813 865 2112
521,Arel,Penkman,apenkmaneg@eepurl.com,539 159 9137
522,Catriona,Marusyak,cmarusyakeh@twitter.com,624 731 5331
523,Ofelia,Tessington,otessingtonei@mashable.com,713 228 1044
524,Garv,Baptiste,gbaptisteej@chron.com,567 298 5897
525,Evita,Chawner,echawnerek@fotki.com,963 887 5135
526,Norina,Jakubovitch,njakubovitchel@icq.com,781 884 8040
527,Frederick,Martinovsky,fmartinovskyem@usatoday.com,765 538 1753
528,Reena,Berndt,rberndten@cornell.edu,371 967 0483
529,Albertine,Blackstone,ablackstoneeo@bing.com,443 699 6500
530,Toddie,Rounsefell,trounsefellep@ox.ac.uk,752 184 6192
531,Aurore,Sale,asaleeq@bigcartel.com,270 520 0026
532,Thayne,Pollington,tpollingtoner@columbia.edu,437 827 8218
533,Heather,Raleston,hralestones@netlog.com,511 786 1577
534,Jeanie,Shortt,jshorttet@parallels.com,156 944 0866
535,Michel,Rowntree,mrowntreeeu@macromedia.com,139 740 9197
536,Marlo,Ledwidge,mledwidgeev@macromedia.com,522 533 7754
537,Job,Middas,jmiddasew@reddit.com,728 851 1302
538,Estevan,Camplin,ecamplinex@virginia.edu,515 547 5922
539,Cobbie,Vivien,cvivieney@dailymotion.com,817 663 2491
540,Dulci,Olivet,dolivetez@uol.com.br,562 444 8551
541,Haskell,Krause,hkrausef0@meetup.com,411 721 7991
542,Regine,Martino,rmartinof1@istockphoto.com,838 281 3156
543,Taffy,Gobel,tgobelf2@bluehost.com,331 383 3483
544,Gisella,Luney,gluneyf3@state.gov,500 944 6707
545,Jacquelin,Shenley,jshenleyf4@mashable.com,606 858 3046
546,Claudianus,Sunners,csunnersf5@constantcontact.com,541 843 2794
547,Chlo,Fandrich,cfandrichf6@uiuc.edu,694 593 1046
548,Hunfredo,Dall,hdallf7@cdbaby.com,868 392 6999
549,Trent,Gahan,tgahanf8@theglobeandmail.com,974 952 3476
550,Hildy,Wilshere,hwilsheref9@wikispaces.com,251 934 9011
551,Filberte,Knight,fknightfa@gnu.org,939 605 4931
552,Stanley,Cantrell,scantrellfb@stumbleupon.com,182 895 1515
553,Kenna,Willatt,kwillattfc@microsoft.com,964 705 1220
554,Hobey,Spilisy,hspilisyfd@reuters.com,316 487 9535
555,Carter,Rutley,crutleyfe@wsj.com,160 598 8064
556,Jordain,Augustine,jaugustineff@weather.com,753 354 0149
557,Willa,Coupman,wcoupmanfg@imageshack.us,933 673 4910
558,Gian,Challener,gchallenerfh@sphinn.com,738 365 7312
559,Stuart,Ferraresi,sferraresifi@rambler.ru,168 397 0025
560,Bryce,Zoanetti,bzoanettifj@sciencedaily.com,827 233 2660
561,Rene,Ivanaev,rivanaevfk@dagondesign.com,461 684 4948
562,Joelle,Agutter,jagutterfl@who.int,480 290 2035
563,Timotheus,Ladewig,tladewigfm@wordpress.org,410 198 1334
564,Dorey,Maidment,dmaidmentfn@businessinsider.com,393 980 8394
565,Isaac,Sharland,isharlandfo@multiply.com,666 894 9948
566,Bond,Casford,bcasfordfp@globo.com,259 760 5120
567,Mercedes,D'Alessio,mdalessiofq@yale.edu,384 888 0589
568,Hunter,Mifflin,hmifflinfr@theatlantic.com,405 263 2390
569,Ozzie,Billington,obillingtonfs@barnesandnoble.com,641 814 5498
570,Brendin,Ashington,bashingtonft@rambler.ru,849 986 0820
571,Angelina,Lennarde,alennardefu@studiopress.com,576 793 8066
572,Tiffi,Botton,tbottonfv@irs.gov,112 857 0400
573,Franzen,Depper,fdepperfw@delicious.com,138 162 8837
574,Doretta,Pierpoint,dpierpointfx@hud.gov,796 185 5511
575,Omar,Goosey,ogooseyfy@sitemeter.com,674 135 9904
576,Penrod,Todari,ptodarifz@imageshack.us,457 930 6408
577,Wenona,Filgate,wfilgateg0@senate.gov,996 385 0286
578,Collin,Barlas,cbarlasg1@yelp.com,431 203 3764
579,Riccardo,Rizziello,rrizziellog2@fotki.com,807 242 2451
580,Astra,Best,abestg3@state.gov,302 618 5706
581,Joannes,Martusewicz,jmartusewiczg4@webs.com,516 207 7226
582,Randal,Kuhnert,rkuhnertg5@constantcontact.com,601 944 4424
583,Elias,McKissack,emckissackg6@skype.com,260 339 8287
584,Lenka,Rives,lrivesg7@shareasale.com,866 641 5910
585,Leonerd,Bocke,lbockeg8@yellowbook.com,100 532 9921
586,Tim,Pretor,tpretorg9@ucsd.edu,543 283 8016
587,Hannis,Godlonton,hgodlontonga@ihg.com,746 425 0461
588,Hillyer,Phetteplace,hphetteplacegb@newyorker.com,597 777 9595
589,Lorene,Treske,ltreskegc@netscape.com,678 453 3479
590,Grant,Richie,grichiegd@vinaora.com,336 649 3976
591,Cori,Boanas,cboanasge@seesaa.net,478 195 7380
592,Gabe,Magee,gmageegf@1688.com,385 321 9577
593,Pierrette,Rowson,prowsongg@google.co.uk,518 475 4586
594,Arny,Ganforth,aganforthgh@tiny.cc,832 174 6832
595,Taddeusz,Keable,tkeablegi@ucla.edu,885 227 3896
596,Jeana,Vannuccinii,jvannucciniigj@parallels.com,250 950 5659
597,Olympia,Offin,ooffingk@bing.com,445 221 1318
598,Lara,Speere,lspeeregl@epa.gov,477 223 7625
599,Nels,Langelaan,nlangelaangm@omniture.com,860 508 6374
600,Sibbie,Couchman,scouchmangn@freewebs.com,832 238 3118
601,Hoyt,Henke,hhenkego@goo.gl,632 340 0140
602,Rowe,Bidewel,rbidewelgp@list-manage.com,335 962 4756
603,Jamie,Whiffen,jwhiffengq@csmonitor.com,474 260 2409
604,Ruthy,Rutherfoord,rrutherfoordgr@blogspot.com,493 893 3937
605,Albie,Hartness,ahartnessgs@xinhuanet.com,776 818 7612
606,Krystle,Johananoff,kjohananoffgt@cnet.com,298 793 8430
607,Willabella,Hampton,whamptongu@wufoo.com,279 876 0361
608,Gabriellia,Quirke,gquirkegv@blogspot.com,607 730 6386
609,Edeline,Valentine,evalentinegw@twitpic.com,998 212 7271
610,Halli,Kilfether,hkilfethergx@multiply.com,450 535 8778
611,Shaylynn,Meak,smeakgy@google.com.au,952 456 5305
612,Wallas,Powling,wpowlinggz@google.it,743 705 2682
613,Joseito,Pelchat,jpelchath0@salon.com,872 497 7720
614,Douglass,Jacombs,djacombsh1@tmall.com,386 863 2739
615,Staci,Shurrocks,sshurrocksh2@diigo.com,295 707 8403
616,Dud,Burdess,dburdessh3@buzzfeed.com,263 111 6622
617,Jackie,Dinan,jdinanh4@soundcloud.com,612 884 3038
618,Roley,Phillpotts,rphillpottsh5@archive.org,989 779 1498
619,Lilian,Galbreth,lgalbrethh6@chronoengine.com,501 989 7849
620,Darnall,Geraldez,dgeraldezh7@census.gov,464 491 6902
621,Billie,Derl,bderlh8@prlog.org,964 986 0385
622,Kittie,Van der Son,kvandersonh9@t-online.de,186 413 6820
623,Annissa,Stooders,astoodersha@privacy.gov.au,697 387 7285
624,Arlina,Bruhnsen,abruhnsenhb@purevolume.com,664 474 9763
625,Marco,Verrick,mverrickhc@foxnews.com,949 483 5362
626,Catie,Brindley,cbrindleyhd@tripadvisor.com,590 531 9784
627,Thatcher,Lionel,tlionelhe@ifeng.com,783 166 5421
628,Tisha,Aubrey,taubreyhf@ucsd.edu,675 194 2854
629,Pyotr,Favill,pfavillhg@hao123.com,907 945 8144
630,Arlana,Cribbott,acribbotthh@xrea.com,493 393 3915
631,Carma,Yockley,cyockleyhi@spotify.com,579 741 3594
632,Imogene,Kabos,ikaboshj@google.co.jp,492 802 0749
633,Ginger,Ciani,gcianihk@furl.net,939 287 5506
634,Shara,Brodie,sbrodiehl@facebook.com,243 673 9516
635,Dione,Cowdrey,dcowdreyhm@dailymotion.com,466 886 3114
636,Debee,Perocci,dperoccihn@xrea.com,657 289 8139
637,Vinny,Thornley,vthornleyho@cbsnews.com,312 655 4581
638,Evie,Beadnall,ebeadnallhp@sciencedirect.com,438 207 0271
639,Fancie,Couser,fcouserhq@wordpress.com,428 585 7609
640,Ruthe,Cockney,rcockneyhr@mashable.com,945 212 1167
641,Darrin,Vaughan,dvaughanhs@google.ru,639 408 3474
642,Hasheem,Coldbath,hcoldbathht@bluehost.com,330 831 6726
643,Kendricks,Glasman,kglasmanhu@google.com.br,362 104 6371
644,Cybill,Eveling,cevelinghv@apache.org,550 212 8336
645,Bobbie,Romney,bromneyhw@amazon.com,107 858 8770
646,Mommy,Tilt,mtilthx@msn.com,623 333 4968
647,Wilden,Marven,wmarvenhy@smh.com.au,979 262 3160
648,Romain,Teideman,rteidemanhz@digg.com,955 747 8085
649,Darbie,Frewer,dfreweri0@squarespace.com,128 936 6952
650,Vinson,Flohard,vflohardi1@uol.com.br,643 555 2602
651,Merrill,Galsworthy,mgalsworthyi2@uol.com.br,716 423 0703
652,Pennie,Briztman,pbriztmani3@netlog.com,546 146 2227
653,Marla,Lowfill,mlowfilli4@constantcontact.com,808 203 5110
654,Madelena,Macourek,mmacoureki5@msu.edu,632 385 0054
655,Angy,Tasch,ataschi6@simplemachines.org,199 734 4462
656,Amalea,Lauderdale,alauderdalei7@xrea.com,609 860 2633
657,Fara,Bariball,fbariballi8@intel.com,887 595 9059
658,Sibella,Birkmyre,sbirkmyrei9@quantcast.com,162 310 3741
659,Valry,Coling,vcolingia@rediff.com,468 708 9396
660,Gallagher,Everitt,geverittib@rambler.ru,907 387 1477
661,Cristiano,Bevir,cbeviric@slashdot.org,500 169 4964
662,Danyette,Blezard,dblezardid@slideshare.net,125 386 4977
663,Blake,Brinsden,bbrinsdenie@cyberchimps.com,715 849 0675
664,Langston,Huddlestone,lhuddlestoneif@wikimedia.org,682 914 5580
665,Cristobal,Bockin,cbockinig@1und1.de,909 566 3605
666,Henrie,De Caroli,hdecaroliih@angelfire.com,136 189 7983
667,Bastian,Gerred,bgerredii@baidu.com,249 475 3365
668,Ximenez,Leamon,xleamonij@ifeng.com,196 347 5017
669,Guillemette,De Lasci,gdelasciik@skyrock.com,166 745 6383
670,Oralle,Dunklee,odunkleeil@sun.com,655 910 9916
671,Suzie,Spencers,sspencersim@live.com,634 281 8980
672,Mitchael,Redhills,mredhillsin@marketwatch.com,385 501 6885
673,Quintilla,Finkle,qfinkleio@harvard.edu,111 944 1398
674,Floris,Headey,fheadeyip@purevolume.com,428 550 3267
675,Lenore,Ruos,lruosiq@amazonaws.com,942 755 2765
676,Wes,Grzegorzewicz,wgrzegorzewiczir@youku.com,733 640 6801
677,Koral,Dionisio,kdionisiois@blogspot.com,914 157 5099
678,Brigham,Satterly,bsatterlyit@sun.com,518 955 9431
679,Dolli,Gent,dgentiu@webnode.com,699 975 6784
680,Linnet,Regelous,lregelousiv@desdev.cn,233 151 5420
681,Gwenore,Dumigan,gdumiganiw@msn.com,785 237 2262
682,Beverlie,Dickson,bdicksonix@forbes.com,411 523 2339
683,Loutitia,Smiley,lsmileyiy@examiner.com,322 265 6722
684,Arielle,Ferencz,aferencziz@istockphoto.com,437 903 7430
685,Cal,Marty,cmartyj0@wp.com,544 343 6460
686,Evaleen,Dumingo,edumingoj1@nbcnews.com,843 919 2561
687,Aurlie,Bruhnsen,abruhnsenj2@issuu.com,242 493 3189
688,Aili,Ayars,aayarsj3@berkeley.edu,813 139 1347
689,Bruno,Hallbord,bhallbordj4@google.ru,506 689 7103
690,Weidar,Housegoe,whousegoej5@loc.gov,221 450 5083
691,Korry,Shawley,kshawleyj6@de.vu,812 378 6102
692,Kurt,Fraser,kfraserj7@parallels.com,486 522 7254
693,Alvan,Madill,amadillj8@hp.com,124 570 7037
694,Reid,Tongs,rtongsj9@cdc.gov,861 597 4470
695,Chery,Immer,cimmerja@zimbio.com,727 799 1601
696,Bradford,Tite,btitejb@i2i.jp,963 781 7907
697,Chane,Georgeou,cgeorgeoujc@csmonitor.com,703 112 5120
698,Jarrod,Braybrookes,jbraybrookesjd@phoca.cz,649 649 5757
699,Whit,Dyett,wdyettje@tmall.com,877 452 7454
700,Jeannette,D'Alesio,jdalesiojf@si.edu,731 421 6931
701,Ignazio,Senter,isenterjg@ftc.gov,699 668 4760
702,Anestassia,Alder,aalderjh@hp.com,604 314 1508
703,Thayne,Gisburne,tgisburneji@scribd.com,213 926 9037
704,George,Ferreres,gferreresjj@so-net.ne.jp,364 363 5262
705,Maire,Lorenzetto,mlorenzettojk@google.pl,517 245 0533
706,Morlee,Atack,matackjl@163.com,102 707 6165
707,Kenn,Mounch,kmounchjm@hp.com,302 604 2245
708,Celisse,Di Filippo,cdifilippojn@dropbox.com,915 537 9106
709,Mireille,Brinson,mbrinsonjo@japanpost.jp,394 952 7175
710,Gun,Handscomb,ghandscombjp@arizona.edu,142 420 9064
711,Alasdair,Skully,askullyjq@wikispaces.com,715 656 8989
712,Amber,Belden,abeldenjr@joomla.org,902 612 5320
713,Latrena,Cartmael,lcartmaeljs@nytimes.com,362 274 6269
714,Fallon,Leads,fleadsjt@nytimes.com,261 503 2286
715,Kyrstin,Edwicker,kedwickerju@stanford.edu,954 151 4701
716,Josephine,Aberdein,jaberdeinjv@flavors.me,581 493 6466
717,Dougy,Yexley,dyexleyjw@auda.org.au,547 255 9852
718,Quintus,Gallard,qgallardjx@yandex.ru,434 692 5880
719,Lynnett,Okenden,lokendenjy@skyrock.com,369 809 7649
720,Cheri,Kyrkeman,ckyrkemanjz@free.fr,468 193 3448
721,Vincenz,Shutt,vshuttk0@amazon.co.jp,448 584 2338
722,Meier,Emmerson,memmersonk1@msu.edu,156 400 0888
723,Ros,Henningham,rhenninghamk2@ted.com,624 315 1016
724,Katie,Bugs,kbugsk3@springer.com,534 119 7577
725,Lisha,Irons,lironsk4@hubpages.com,832 280 0322
726,Jackelyn,Gulc,jgulck5@delicious.com,575 588 1174
727,Damaris,Beazleigh,dbeazleighk6@wikipedia.org,510 856 1298
728,Chase,Conyer,cconyerk7@reference.com,318 248 6910
729,Gerard,Adamides,gadamidesk8@epa.gov,645 444 8954
730,Lesley,Lorentz,llorentzk9@whitehouse.gov,288 665 2363
731,Beverlee,Munt,bmuntka@wordpress.org,111 285 9129
732,Alyosha,Bracher,abracherkb@craigslist.org,517 483 2668
733,Cornie,Bleythin,cbleythinkc@meetup.com,824 337 1546
734,Gweneth,Luna,glunakd@senate.gov,439 692 4245
735,Uri,Balmadier,ubalmadierke@alibaba.com,860 108 6482
736,Bibi,Benford,bbenfordkf@ucsd.edu,939 288 8210
737,Roderick,Gittose,rgittosekg@meetup.com,439 596 3158
738,Roberto,Becket,rbecketkh@instagram.com,648 530 7394
739,Mair,Jaggard,mjaggardki@wikimedia.org,596 522 7995
740,Cletus,Cloake,ccloakekj@reference.com,893 135 5396
741,Chev,Frankis,cfrankiskk@blog.com,788 986 6652
742,Valencia,Bernhart,vbernhartkl@wikimedia.org,431 884 2694
743,Jayne,O'Donovan,jodonovankm@com.com,403 775 7890
744,Warden,Garrud,wgarrudkn@about.me,504 694 6272
745,Kerwinn,Blevin,kblevinko@mysql.com,435 266 7012
746,Rosabelle,Uwins,ruwinskp@ow.ly,590 213 0660
747,Christin,Sciacovelli,csciacovellikq@1688.com,282 942 6840
748,Cleve,Ruddick,cruddickkr@arizona.edu,176 325 8115
749,Erastus,De Andisie,edeandisieks@posterous.com,436 844 1486
750,Sigvard,Marquez,smarquezkt@last.fm,313 303 0661
751,Maxim,Hixson,mhixsonku@blogs.com,122 689 4187
752,Eleonora,Firidolfi,efiridolfikv@geocities.com,802 238 9359
753,Margery,Bigadike,mbigadikekw@weebly.com,591 693 5259
754,Felix,Grant,fgrantkx@vkontakte.ru,475 876 4754
755,Ettore,Mechan,emechanky@illinois.edu,692 226 0755
756,Martino,Hischke,mhischkekz@shareasale.com,252 522 2843
757,Dolli,Faulds,dfauldsl0@deviantart.com,650 417 8648
758,Petronia,Oylett,poylettl1@npr.org,884 871 5546
759,Deny,Holburn,dholburnl2@dagondesign.com,273 148 3225
760,Pat,Cambling,pcamblingl3@census.gov,485 771 6213
761,Ahmed,Spurritt,aspurrittl4@baidu.com,350 639 5287
762,Eleonore,Goor,egoorl5@nifty.com,905 309 2790
763,Brett,Dalliston,bdallistonl6@seattletimes.com,364 315 4099
764,Curtis,Standbridge,cstandbridgel7@yolasite.com,193 162 0737
765,Ealasaid,Oldknowe,eoldknowel8@eepurl.com,860 931 1847
766,Sonya,Lowings,slowingsl9@redcross.org,762 276 7850
767,Ezechiel,Hellsdon,ehellsdonla@cmu.edu,154 589 8421
768,Rodrique,Kempstone,rkempstonelb@sourceforge.net,343 405 8139
769,Ephrayim,Gerbi,egerbilc@census.gov,902 977 3177
770,Evangelia,Farahar,efaraharld@so-net.ne.jp,827 524 4298
771,Jay,Aplin,japlinle@flavors.me,549 633 4133
772,Erv,Bridgman,ebridgmanlf@macromedia.com,900 987 0711
773,Harriette,Finnigan,hfinniganlg@woothemes.com,207 251 5446
774,David,Tomasutti,dtomasuttilh@flavors.me,615 283 2674
775,Raddy,Skeldinge,rskeldingeli@apple.com,922 209 2117
776,Vidovic,Coucher,vcoucherlj@free.fr,436 831 4924
777,Leon,Scough,lscoughlk@fda.gov,146 699 3214
778,Caterina,McAlpine,cmcalpinell@ucoz.ru,691 211 3665
779,Roosevelt,Mattei,rmatteilm@cloudflare.com,926 867 7894
780,Kennith,Hail,khailln@mlb.com,784 639 2214
781,Sanderson,Sycamore,ssycamorelo@ucla.edu,937 871 8344
782,Gwendolen,Willacot,gwillacotlp@discovery.com,483 285 4875
783,Tore,Ollivier,tollivierlq@cnbc.com,236 299 4176
784,Janela,Cogdell,jcogdelllr@uiuc.edu,533 609 5528
785,Lavinia,Outhwaite,louthwaitels@uiuc.edu,595 585 2873
786,Baxter,Best,bbestlt@dailymail.co.uk,238 402 9468
787,Shayla,Gallo,sgallolu@vistaprint.com,168 972 3322
788,Olenolin,Fance,ofancelv@va.gov,322 930 1890
789,Allissa,Jephcote,ajephcotelw@house.gov,422 615 0962
790,Jessy,Henaughan,jhenaughanlx@mozilla.org,294 118 3683
791,Rouvin,Vousden,rvousdenly@trellian.com,325 699 0330
792,Annabel,Kemmish,akemmishlz@purevolume.com,926 356 4264
793,Chloe,Hayes,chayesm0@bizjournals.com,230 167 6062
794,Tanney,Kennaird,tkennairdm1@gravatar.com,587 432 3316
795,Niles,Baldick,nbaldickm2@time.com,985 524 7475
796,Chalmers,Jerzyk,cjerzykm3@who.int,861 949 1490
797,Teddy,Latek,tlatekm4@digg.com,272 352 8807
798,Rhoda,Tunnicliff,rtunnicliffm5@cam.ac.uk,979 680 8279
799,Julissa,Baseley,jbaseleym6@parallels.com,447 323 2570
800,Cosetta,Ettritch,cettritchm7@indiatimes.com,954 605 0807
801,Pembroke,Beadnall,pbeadnallm8@timesonline.co.uk,686 223 0248
802,Gunter,Booij,gbooijm9@altervista.org,677 150 2892
803,Gerrard,McGreil,gmcgreilma@photobucket.com,997 136 8264
804,Pauly,Jellico,pjellicomb@gravatar.com,486 843 5097
805,Cristine,Vannoni,cvannonimc@adobe.com,773 988 0331
806,Tessa,Fowley,tfowleymd@archive.org,310 948 7457
807,Esma,Maxstead,emaxsteadme@pen.io,451 270 3090
808,Zaria,Pabst,zpabstmf@usgs.gov,999 631 8868
809,Karine,D'Aeth,kdaethmg@hubpages.com,582 642 3705
810,Alf,Legonidec,alegonidecmh@behance.net,653 493 4923
811,Ganny,Keener,gkeenermi@ft.com,942 895 9799
812,Collen,Earry,cearrymj@blogger.com,333 490 7607
813,Beryle,Harbisher,bharbishermk@angelfire.com,268 972 7759
814,Jonie,Coie,jcoieml@utexas.edu,865 155 5553
815,Lock,Whiteside,lwhitesidemm@salon.com,166 618 6396
816,Corilla,Farlam,cfarlammn@ted.com,642 193 8996
817,Woody,Shreeve,wshreevemo@wordpress.org,437 187 6284
818,Marja,O'Teague,moteaguemp@epa.gov,874 284 3105
819,Hobart,Drew,hdrewmq@shareasale.com,722 923 0787
820,Eldridge,Radki,eradkimr@umn.edu,649 950 1617
821,Griffith,Radbourn,gradbournms@squidoo.com,913 836 0455
822,Dasi,Guillot,dguillotmt@blogspot.com,159 537 6560
823,Gabi,Killough,gkilloughmu@hubpages.com,946 788 4096
824,Engracia,Oger,eogermv@friendfeed.com,929 809 3935
825,Marjie,Rosa,mrosamw@newyorker.com,713 888 2472
826,Padriac,Matuszewski,pmatuszewskimx@webeden.co.uk,404 651 2295
827,Mallissa,Patridge,mpatridgemy@indiegogo.com,800 888 5790
828,Garnet,Purkis,gpurkismz@ftc.gov,763 630 0530
829,Briney,Copcott,bcopcottn0@sohu.com,934 495 9430
830,Renie,Southall,rsouthalln1@ocn.ne.jp,262 201 5772
831,Hersh,D'eathe,hdeathen2@imdb.com,301 260 2790
832,Aurel,Rudham,arudhamn3@fda.gov,382 784 6897
833,Edee,Oxtiby,eoxtibyn4@pbs.org,901 214 1862
834,Jodee,Pabst,jpabstn5@1und1.de,110 442 1859
835,Lee,Vagg,lvaggn6@wordpress.org,194 502 2968
836,Barnett,Strut,bstrutn7@canalblog.com,757 270 6474
837,Horton,Jermin,hjerminn8@wikia.com,207 615 4063
838,Paxon,Siflet,psifletn9@liveinternet.ru,961 405 4336
839,Gerta,Cockrem,gcockremna@1und1.de,302 384 0277
840,Alic,Lock,alocknb@bizjournals.com,768 686 2032
841,Ernest,Petrolli,epetrollinc@vkontakte.ru,603 591 3144
842,Reena,Paridge,rparidgend@ucla.edu,234 430 3067
843,Dorris,Strangeways,dstrangewaysne@imageshack.us,485 363 7154
844,Berk,Falk,bfalknf@go.com,950 248 7244
845,Burnard,Lammas,blammasng@aboutads.info,795 916 4846
846,Leonelle,Rainsbury,lrainsburynh@oracle.com,688 176 7147
847,Mozelle,Gilbertson,mgilbertsonni@webmd.com,302 125 6027
848,Evangeline,Barrat,ebarratnj@theglobeandmail.com,352 849 8180
849,Elonore,Clarey,eclareynk@miitbeian.gov.cn,152 203 2267
850,Edik,Corss,ecorssnl@wikipedia.org,591 156 0988
851,Pamela,Kroin,pkroinnm@mediafire.com,944 646 0640
852,Randi,Elies,reliesnn@bbc.co.uk,966 552 0300
853,Loise,Burditt,lburdittno@youtu.be,582 483 4787
854,Mar,Isakovitch,misakovitchnp@sohu.com,865 667 4355
855,Claudio,O'Sheerin,cosheerinnq@smh.com.au,921 778 5969
856,Emilie,Bourton,ebourtonnr@upenn.edu,705 418 2183
857,Jennette,Tartt,jtarttns@comsenz.com,110 501 8182
858,Ebba,Matyushonok,ematyushonoknt@vkontakte.ru,949 369 5835
859,Jobye,Toor,jtoornu@wisc.edu,160 142 5383
860,Torey,Perl,tperlnv@tinypic.com,303 559 6858
861,Adda,Bellamy,abellamynw@psu.edu,986 870 5046
862,Barn,Orwin,borwinnx@slashdot.org,934 910 5766
863,Benedicta,Incogna,bincognany@bloomberg.com,583 261 1128
864,Garvy,Noddles,gnoddlesnz@trellian.com,267 481 0070
865,Etan,Daburn,edaburno0@shareasale.com,929 706 5994
866,Gabie,Behneke,gbehnekeo1@pinterest.com,650 575 0539
867,Demetria,Townshend,dtownshendo2@technorati.com,898 748 1716
868,Teirtza,Espinho,tespinhoo3@youtu.be,337 892 3792
869,Pasquale,Craddock,pcraddocko4@samsung.com,754 887 3873
870,Danica,Burnes,dburneso5@yellowbook.com,564 413 8666
871,Randie,Robottham,rrobotthamo6@netlog.com,126 585 8190
872,Clarine,Brimson,cbrimsono7@smugmug.com,802 266 9465
873,Gardie,Piggen,gpiggeno8@pcworld.com,145 808 2096
874,Jeremias,Trenoweth,jtrenowetho9@admin.ch,504 885 9426
875,Eberto,Ryle,eryleoa@lycos.com,496 379 0205
876,Tommy,Philbrick,tphilbrickob@studiopress.com,247 911 1303
877,Welby,Duffet,wduffetoc@reuters.com,428 264 4725
878,Barbabas,Cliff,bcliffod@1688.com,263 388 5277
879,Lilli,Toulch,ltoulchoe@google.co.jp,942 649 7669
880,Norman,Tetley,ntetleyof@mtv.com,185 401 1596
881,Hersh,Best,hbestog@seesaa.net,121 320 2942
882,Florette,Thayre,fthayreoh@wikipedia.org,956 683 0187
883,Derron,Cumberbatch,dcumberbatchoi@washington.edu,855 879 8044
884,Morley,Linskill,mlinskilloj@usatoday.com,872 251 6182
885,Teddy,Simioli,tsimioliok@hc360.com,672 643 2919
886,Hedi,Adcock,hadcockol@google.it,267 576 3858
887,Elnore,Broxup,ebroxupom@illinois.edu,678 508 6712
888,Tedra,Healey,thealeyon@freewebs.com,242 120 6048
889,Jackson,Huett,jhuettoo@imdb.com,587 432 0241
890,Elka,Heiner,eheinerop@pcworld.com,586 156 8169
891,Orlan,Kohnemann,okohnemannoq@skyrock.com,243 741 3737
892,Trev,Kibble,tkibbleor@irs.gov,845 968 2037
893,Devlin,Freear,dfreearos@businesswire.com,341 511 2163
894,Elianore,Jacqueminot,ejacqueminotot@meetup.com,477 560 5544
895,Mannie,Poveleye,mpoveleyeou@list-manage.com,374 176 3071
896,Wilmar,Yandle,wyandleov@4shared.com,319 607 8718
897,Bradford,Zanioletti,bzaniolettiow@opera.com,988 551 9037
898,Brina,Amys,bamysox@sohu.com,491 278 0685
899,Katha,Llorens,kllorensoy@huffingtonpost.com,703 402 8723
900,Wynny,ducarme,wducarmeoz@yellowbook.com,926 691 0926
901,Giacinta,Guyet,gguyetp0@dropbox.com,302 127 1398
902,Tami,Tonn,ttonnp1@tinyurl.com,769 551 5995
903,Alexina,Hebblewaite,ahebblewaitep2@unblog.fr,245 497 2084
904,Christian,Dumbrall,cdumbrallp3@businesswire.com,955 833 3145
905,Jere,Slowley,jslowleyp4@marketwatch.com,729 406 1072
906,Gery,Borthe,gborthep5@wired.com,585 871 5528
907,Lalo,Holyland,lholylandp6@fastcompany.com,285 187 1693
908,Bernette,Magnay,bmagnayp7@hud.gov,575 540 7960
909,Tommy,Pygott,tpygottp8@gizmodo.com,683 390 9100
910,Maurene,Puden,mpudenp9@livejournal.com,834 446 3228
911,Ardine,Laviste,alavistepa@istockphoto.com,419 993 1452
912,Wyatt,Yaakov,wyaakovpb@jugem.jp,279 384 3811
913,De,Ruprecht,druprechtpc@google.pl,226 538 1735
914,Nikaniki,Blease,nbleasepd@about.com,468 830 0447
915,Emanuele,Newcomen,enewcomenpe@bigcartel.com,264 729 4462
916,Marys,Flaubert,mflaubertpf@wikispaces.com,352 942 6099
917,Ruthann,Seage,rseagepg@netscape.com,144 337 1628
918,Bunny,Dripps,bdrippsph@psu.edu,247 410 6477
919,Fenelia,Trainer,ftrainerpi@independent.co.uk,668 996 9564
920,Minne,Younglove,myounglovepj@ezinearticles.com,534 709 7437
921,Tris,Gear,tgearpk@t-online.de,426 217 8994
922,Armando,Jestico,ajesticopl@howstuffworks.com,798 573 2138
923,Coletta,Meins,cmeinspm@goo.ne.jp,250 553 1925
924,Nathanial,Daffern,ndaffernpn@hp.com,760 388 8074
925,Natale,Scrimgeour,nscrimgeourpo@bing.com,704 904 2654
926,Karla,Dovinson,kdovinsonpp@auda.org.au,646 181 4751
927,Hermine,Dowrey,hdowreypq@scribd.com,131 492 2525
928,Dyane,MacCurlye,dmaccurlyepr@un.org,278 273 1079
929,Ann,Idwal Evans,aidwalevansps@cafepress.com,143 302 6586
930,Legra,Niblett,lniblettpt@archive.org,552 618 3007
931,Giulietta,Stredder,gstredderpu@jiathis.com,574 869 0055
932,Dallis,Hardway,dhardwaypv@newsvine.com,681 651 0838
933,Goldarina,Ribbon,gribbonpw@google.com,424 620 0655
934,Thibaud,Battill,tbattillpx@ovh.net,964 695 3351
935,Ardith,Baglan,abaglanpy@smh.com.au,995 351 9862
936,Cornell,Drinkwater,cdrinkwaterpz@1688.com,866 219 1950
937,Rolando,Pharaoh,rpharaohq0@icq.com,118 250 9144
938,Lizette,Mynard,lmynardq1@cbc.ca,772 972 4907
939,Bekki,Franklin,bfranklinq2@examiner.com,386 120 2804
940,Virgilio,Pendleton,vpendletonq3@sohu.com,350 873 4027
941,Deena,Lambrick,dlambrickq4@ed.gov,751 581 0843
942,Milzie,Bletsoe,mbletsoeq5@rediff.com,715 182 1351
943,Rudolfo,Mandeville,rmandevilleq6@examiner.com,678 339 9984
944,Thomasin,MacIlory,tmaciloryq7@hostgator.com,906 395 1640
945,Malachi,Baitson,mbaitsonq8@tripod.com,169 222 0953
946,Washington,Gaye,wgayeq9@nytimes.com,894 965 5694
947,Ashli,Leadston,aleadstonqa@histats.com,808 509 2626
948,Isobel,Blackbourn,iblackbournqb@smugmug.com,197 821 4202
949,Meyer,Hunnywell,mhunnywellqc@cbslocal.com,295 949 8309
950,Johnny,Lazar,jlazarqd@state.tx.us,706 159 9417
951,Hazel,Brunini,hbruniniqe@goo.ne.jp,374 896 6408
952,Benjamin,Townend,btownendqf@nsw.gov.au,745 335 9898
953,Gerri,Coughlin,gcoughlinqg@technorati.com,830 328 0863
954,Ferdinande,Altoft,faltoftqh@purevolume.com,479 940 5975
955,Andros,Vaadeland,avaadelandqi@biglobe.ne.jp,952 632 2862
956,Melli,Goodfellowe,mgoodfelloweqj@meetup.com,925 853 2400
957,Granger,Heaseman,gheasemanqk@flavors.me,870 540 5199
958,Virginia,Dart,vdartql@tmall.com,571 573 9952
959,Brittni,Fantone,bfantoneqm@nsw.gov.au,801 508 0225
960,Hilde,Houltham,hhoulthamqn@slashdot.org,989 544 3874
961,Julina,Goodbairn,jgoodbairnqo@vkontakte.ru,577 530 0788
962,Cecil,O'Day,codayqp@ftc.gov,481 225 0025
963,Dael,Vasishchev,dvasishchevqq@china.com.cn,545 750 4456
964,Corey,Gothrup,cgothrupqr@goo.ne.jp,708 387 8459
965,Gilberto,Bartlam,gbartlamqs@dedecms.com,740 946 1182
966,Calvin,Pennuzzi,cpennuzziqt@wikispaces.com,867 800 4720
967,Kennie,Sallan,ksallanqu@hp.com,275 590 3749
968,Bevan,Simko,bsimkoqv@ustream.tv,308 861 9723
969,Candi,Nanelli,cnanelliqw@vistaprint.com,480 345 9456
970,Shepperd,MacKnockiter,smacknockiterqx@fc2.com,343 566 4897
971,Tybi,Treby,ttrebyqy@barnesandnoble.com,561 539 1023
972,Courtney,Jagg,cjaggqz@histats.com,227 992 9837
973,Derron,Bradly,dbradlyr0@google.nl,784 582 7039
974,Mathilde,Butrimovich,mbutrimovichr1@wordpress.com,337 737 7795
975,Anica,Wenderott,awenderottr2@cmu.edu,274 377 8255
976,Eward,Tutill,etutillr3@google.com.br,167 222 0037
977,Dominic,Howick,dhowickr4@cmu.edu,485 366 4535
978,Shana,Featherstone,sfeatherstoner5@blogger.com,869 972 7266
979,Jabez,More,jmorer6@yahoo.com,484 869 9641
980,Donall,Mettricke,dmettricker7@aboutads.info,630 104 1256
981,Keslie,Teasdale-Markie,kteasdalemarkier8@indiatimes.com,527 789 2472
982,Ossie,Diffley,odiffleyr9@google.ca,218 995 4017
983,Katharyn,Willmetts,kwillmettsra@bravesites.com,548 643 7311
984,Emelda,Peaker,epeakerrb@amazon.com,801 968 2315
985,Greer,Bertomier,gbertomierrc@taobao.com,153 551 8926
986,Gordie,Banton,gbantonrd@ibm.com,191 629 1177
987,Angela,Ashard,aashardre@csmonitor.com,271 326 0315
988,Wyndham,Sneath,wsneathrf@cafepress.com,759 500 7748
989,Millard,Kincade,mkincaderg@yale.edu,784 494 0270
990,Care,Poser,cposerrh@bizjournals.com,815 222 8080
991,Gottfried,Fausset,gfaussetri@discovery.com,156 447 2410
992,Nalani,Kennifeck,nkennifeckrj@gizmodo.com,822 934 3189
993,Bernita,Gors,bgorsrk@scientificamerican.com,267 836 6133
994,Aubert,Lobbe,alobberl@amazon.co.uk,300 301 8601
995,Annecorinne,Goulborne,agoulbornerm@mit.edu,814 451 9386
996,Erik,Orbon,eorbonrn@yellowbook.com,860 906 1092
997,Loni,Dimitrijevic,ldimitrijevicro@apache.org,814 560 9104
998,Emelyne,Quarterman,equartermanrp@ucoz.ru,764 473 0324
999,Horatio,Hawney,hhawneyrq@yellowpages.com,189 817 9008
1000,Jodie,Speers,jspeersrr@pagesperso-orange.fr,421 944 9033
1001,Jon,Doe,jon.doe@mail.com,+1 212 555 1234
1002,Jane,Doe,jane.doe@mail.com,+1 212 555 4321
